timestamp,temperatura,umidade,luminosidade,rssi,heap_livre,uptime_s
2026-10-08 12:00:00,28.8,57.2,790.5,-55,183.6,141000
2026-10-08 12:01:00,28.5,57.7,730.1,-55,181.5,141060
2026-10-08 12:02:00,28.7,55.9,669.7,-55,183.8,141120
2026-10-08 12:03:00,29.4,52.2,634.7,-55,181.0,141180
2026-10-08 12:04:00,29.8,50.7,623.2,-57,180.8,141240
2026-10-08 12:05:00,30.2,49.9,647.5,-60,180.9,141300
2026-10-08 12:06:00,30.1,51.1,709.1,-61,182.7,141360
2026-10-08 12:07:00,29.9,52.6,749.4,-63,180.6,141420
2026-10-08 12:08:00,29.3,54.7,786.5,-62,181.4,141480
2026-10-08 12:09:00,29.4,55.5,778.6,-62,181.1,141540
2026-10-08 12:10:00,29.3,55.4,761.4,-61,181.8,141600
2026-10-08 12:11:00,29.9,53.1,709.2,-60,182.5,141660
2026-10-08 12:12:00,30.1,50.7,661.8,-59,181.2,141720
2026-10-08 12:13:00,30.2,50.6,629.9,-59,180.0,141780
2026-10-08 12:14:00,30.1,50.5,626.8,-58,180.5,141840
2026-10-08 12:15:00,29.5,53.6,669.7,-59,179.7,141900
2026-10-08 12:16:00,28.9,56.5,719.8,-59,182.0,141960
2026-10-08 12:17:00,28.6,58.5,784.8,-61,179.3,142020
2026-10-08 12:18:00,28.8,59.3,832.3,-62,179.8,142080
2026-10-08 12:19:00,29.2,56.5,856.7,-64,181.4,142140
2026-10-08 12:20:00,29.6,54.9,845.2,-62,179.9,142200
2026-10-08 12:21:00,29.5,53.9,810.4,-62,179.0,142260
2026-10-08 12:22:00,29.2,54.7,763.5,-60,178.3,142320
2026-10-08 12:23:00,28.9,55.2,723.8,-57,180.6,142380
2026-10-08 12:24:00,28.4,57.4,716.1,-56,178.7,142440
2026-10-08 12:25:00,28.5,58.2,756.4,-57,178.4,142500
2026-10-08 12:26:00,28.8,58.4,801.2,-58,177.8,142560
2026-10-08 12:27:00,29.3,57.5,858.1,-58,180.1,142620
2026-10-08 12:28:00,29.9,54.0,888.3,-59,177.8,142680
2026-10-08 12:29:00,30.0,52.1,900.9,-60,179.0,142740
2026-10-08 12:30:00,29.8,50.9,870.1,-61,177.7,142800
2026-10-08 12:31:00,29.3,52.1,811.6,-61,179.5,142860
2026-10-08 12:32:00,29.2,52.3,748.8,-60,177.5,142920
2026-10-08 12:33:00,29.1,54.6,702.3,-58,177.4,142980
2026-10-08 12:34:00,29.7,53.6,673.6,-56,178.8,143040
2026-10-08 12:35:00,29.9,53.3,683.3,-54,176.7,143100
2026-10-08 12:36:00,30.2,52.3,713.1,-53,177.3,143160
2026-10-08 12:37:00,30.2,51.6,746.3,-54,178.9,143220
2026-10-08 12:38:00,29.9,50.3,779.8,-53,178.5,143280
2026-10-08 12:39:00,29.4,50.2,789.9,-55,177.7,143340
2026-10-08 12:40:00,28.9,51.3,773.2,-59,178.5,143400
2026-10-08 12:41:00,28.9,52.6,724.6,-59,178.0,143460
2026-10-08 12:42:00,29.4,53.8,664.9,-58,176.7,143520
2026-10-08 12:43:00,29.8,53.4,600.5,-59,176.6,143580
2026-10-08 12:44:00,30.0,53.7,584.1,-57,178.2,143640
2026-10-08 12:45:00,29.8,54.1,590.5,-56,177.3,143700
2026-10-08 12:46:00,29.2,54.3,631.6,-57,176.4,143760
2026-10-08 12:47:00,29.0,54.1,683.1,-56,174.9,143820
2026-10-08 12:48:00,28.8,53.5,731.5,-56,175.3,143880
2026-10-08 12:49:00,29.0,53.2,765.9,-56,177.5,143940
2026-10-08 12:50:00,29.6,53.7,759.6,-57,184.9,144000
2026-10-08 12:51:00,30.0,53.5,730.9,-61,183.6,144060
2026-10-08 12:52:00,30.2,53.7,679.9,-61,184.5,144120
2026-10-08 12:53:00,30.2,54.1,654.4,-62,184.4,144180
2026-10-08 12:54:00,29.9,54.0,635.1,-62,184.4,144240
2026-10-08 12:55:00,29.4,53.8,639.7,-61,183.6,144300
2026-10-08 12:56:00,29.5,51.4,680.0,-59,182.6,144360
2026-10-08 12:57:00,30.0,49.4,733.7,-56,181.7,144420
2026-10-08 12:58:00,30.5,49.1,789.9,-56,184.3,144480
2026-10-08 12:59:00,31.0,49.1,815.6,-55,183.4,144540
2026-10-08 13:00:00,31.0,49.7,814.8,-57,182.7,144600
2026-10-08 13:01:00,30.6,51.0,773.4,-56,182.0,144660
2026-10-08 13:02:00,30.1,53.1,716.3,-59,183.8,144720
2026-10-08 13:03:00,29.9,51.8,658.2,-58,181.5,144780
2026-10-08 13:04:00,29.8,50.2,624.1,-60,182.9,144840
2026-10-08 13:05:00,30.1,48.6,627.1,-60,181.3,144900
2026-10-08 13:06:00,30.6,46.9,650.2,-57,182.6,144960
2026-10-08 13:07:00,30.9,47.4,685.1,-56,180.7,145020
2026-10-08 13:08:00,30.5,49.8,720.1,-55,182.7,145080
2026-10-08 13:09:00,30.0,52.7,737.1,-53,181.8,145140
2026-10-08 13:10:00,29.7,53.9,727.9,-52,181.1,145200
2026-10-08 13:11:00,29.2,55.3,692.0,-54,179.7,145260
2026-10-08 13:12:00,29.5,54.0,638.6,-53,182.1,145320
2026-10-08 13:13:00,29.9,51.8,573.6,-54,182.0,145380
2026-10-08 13:14:00,30.3,50.7,547.8,-58,182.3,145440
2026-10-08 13:15:00,30.5,49.9,539.9,-60,180.3,145500
2026-10-08 13:16:00,30.5,50.7,549.5,-60,181.5,145560
2026-10-08 13:17:00,30.1,53.2,598.6,-58,179.9,145620
2026-10-08 13:18:00,29.6,56.4,649.7,-58,180.6,145680
2026-10-08 13:19:00,29.5,57.6,696.0,-57,181.6,145740
2026-10-08 13:20:00,29.9,56.0,705.2,-56,181.0,145800
2026-10-08 13:21:00,30.4,53.9,692.7,-53,179.1,145860
2026-10-08 13:22:00,30.8,50.3,649.6,-54,179.3,145920
2026-10-08 13:23:00,31.1,49.9,605.1,-55,178.8,145980
2026-10-08 13:24:00,30.7,49.9,579.3,-58,180.5,146040
2026-10-08 13:25:00,30.4,51.6,586.1,-59,178.3,146100
2026-10-08 13:26:00,30.0,54.0,618.5,-60,178.5,146160
2026-10-08 13:27:00,29.7,55.6,676.3,-64,178.3,146220
2026-10-08 13:28:00,30.1,54.2,726.5,-61,179.2,146280
2026-10-08 13:29:00,30.6,52.5,776.8,-63,178.8,146340
2026-10-08 13:30:00,30.7,51.3,799.2,-62,179.4,146400
2026-10-08 13:31:00,30.8,48.9,785.6,-59,178.5,146460
2026-10-08 13:32:00,30.2,50.0,742.2,-58,177.8,146520
2026-10-08 13:33:00,29.6,51.2,699.1,-58,178.4,146580
2026-10-08 13:34:00,29.4,53.4,668.4,-57,178.6,146640
2026-10-08 13:35:00,29.4,54.4,655.4,-58,178.7,146700
2026-10-08 13:36:00,29.5,54.8,658.7,-60,176.5,146760
2026-10-08 13:37:00,29.9,54.4,704.8,-63,178.8,146820
2026-10-08 13:38:00,30.2,52.3,741.6,-63,177.3,146880
2026-10-08 13:39:00,30.2,51.2,780.2,-63,177.2,146940
2026-10-08 13:40:00,30.0,50.7,779.3,-62,177.2,147000
2026-10-08 13:41:00,29.5,51.7,761.6,-60,176.3,147060
2026-10-08 13:42:00,29.2,53.6,711.8,-58,176.3,147120
2026-10-08 13:43:00,29.3,54.3,661.2,-58,175.8,147180
2026-10-08 13:44:00,29.8,54.8,610.5,-56,178.1,147240
2026-10-08 13:45:00,30.3,55.0,571.4,-54,176.1,147300
2026-10-08 13:46:00,30.8,52.9,577.4,-55,175.2,147360
2026-10-08 13:47:00,30.7,53.2,612.3,-58,175.8,147420
2026-10-08 13:48:00,30.3,51.6,652.9,-57,175.1,147480
2026-10-08 13:49:00,30.1,52.3,694.9,-60,177.5,147540
2026-10-08 13:50:00,29.8,52.1,717.2,-61,183.3,147600
2026-10-08 13:51:00,30.1,52.1,708.5,-60,183.6,147660
2026-10-08 13:52:00,30.6,51.8,664.6,-58,184.3,147720
2026-10-08 13:53:00,30.9,52.4,628.9,-58,184.4,147780
2026-10-08 13:54:00,31.0,52.1,577.0,-57,183.6,147840
2026-10-08 13:55:00,30.8,52.4,568.2,-54,183.4,147900
2026-10-08 13:56:00,30.4,51.3,576.4,-56,182.6,147960
2026-10-08 13:57:00,29.8,50.7,616.3,-55,181.9,148020
2026-10-08 13:58:00,29.8,50.5,673.1,-57,183.1,148080
2026-10-08 13:59:00,30.0,49.4,727.5,-60,182.3,148140
2026-10-08 14:00:00,30.2,50.2,751.4,-61,184.2,148200
2026-10-08 14:01:00,30.8,49.1,753.2,-61,183.5,148260
2026-10-08 14:02:00,30.8,50.8,720.2,-61,182.5,148320
2026-10-08 14:03:00,30.4,51.8,685.1,-61,181.2,148380
2026-10-08 14:04:00,30.0,51.8,637.0,-59,181.8,148440
2026-10-08 14:05:00,29.7,51.8,613.5,-60,180.7,148500
2026-10-08 14:06:00,29.8,49.9,616.2,-57,183.1,148560
2026-10-08 14:07:00,29.9,49.4,636.5,-57,180.4,148620
2026-10-08 14:08:00,30.5,48.0,685.7,-59,181.6,148680
2026-10-08 14:09:00,30.9,48.4,715.1,-60,183.0,148740
2026-10-08 14:10:00,31.1,49.3,740.6,-59,181.9,148800
2026-10-08 14:11:00,30.9,51.4,732.8,-62,182.4,148860
2026-10-08 14:12:00,30.5,52.4,699.7,-61,180.4,148920
2026-10-08 14:13:00,30.2,52.5,634.0,-61,181.9,148980
2026-10-08 14:14:00,30.3,51.5,588.1,-62,181.2,149040
2026-10-08 14:15:00,30.7,49.3,540.4,-59,179.9,149100
2026-10-08 14:16:00,31.2,48.0,530.0,-57,179.6,149160
2026-10-08 14:17:00,31.7,47.5,536.9,-57,179.2,149220
2026-10-08 14:18:00,31.6,49.4,564.8,-55,179.7,149280
2026-10-08 14:19:00,31.1,51.1,603.7,-55,180.8,149340
2026-10-08 14:20:00,30.4,53.3,620.4,-54,179.6,149400
2026-10-08 14:21:00,30.4,54.1,622.3,-56,179.5,149460
2026-10-08 14:22:00,30.4,52.3,583.9,-58,180.6,149520
2026-10-08 14:23:00,30.5,50.8,544.9,-58,179.4,149580
2026-10-08 14:24:00,31.1,48.3,492.0,-57,180.0,149640
2026-10-08 14:25:00,31.0,48.1,470.1,-57,178.3,149700
2026-10-08 14:26:00,30.8,49.3,459.5,-57,179.0,149760
2026-10-08 14:27:00,30.3,51.0,479.0,-55,178.1,149820
2026-10-08 14:28:00,29.6,53.3,525.4,-54,178.8,149880
2026-10-08 14:29:00,29.5,54.8,567.7,-52,178.0,149940
2026-10-08 14:30:00,29.8,53.3,604.5,-52,178.8,150000
2026-10-08 14:31:00,30.1,51.6,616.0,-52,179.9,150060
2026-10-08 14:32:00,30.6,48.9,608.8,-55,177.1,150120
2026-10-08 14:33:00,30.9,47.9,568.5,-57,176.9,150180
2026-10-08 14:34:00,30.6,48.3,534.4,-59,178.0,150240
2026-10-08 14:35:00,30.2,50.7,511.4,-59,177.2,150300
2026-10-08 14:36:00,29.8,52.5,496.1,-60,179.2,150360
2026-10-08 14:37:00,29.8,54.9,522.6,-60,177.3,150420
2026-10-08 14:38:00,30.3,53.5,558.5,-57,176.8,150480
2026-10-08 14:39:00,30.6,53.3,602.3,-56,176.0,150540
2026-10-08 14:40:00,31.1,51.1,636.1,-55,176.1,150600
2026-10-08 14:41:00,31.1,50.0,646.2,-56,177.6,150660
2026-10-08 14:42:00,31.0,49.8,630.1,-55,178.0,150720
2026-10-08 14:43:00,30.4,51.6,585.3,-56,176.7,150780
2026-10-08 14:44:00,30.1,53.1,547.7,-59,175.7,150840
2026-10-08 14:45:00,30.0,55.3,501.7,-61,176.2,150900
2026-10-08 14:46:00,30.4,55.5,476.8,-60,175.4,150960
2026-10-08 14:47:00,30.7,55.0,484.8,-62,177.7,151020
2026-10-08 14:48:00,30.9,53.2,510.2,-62,175.6,151080
2026-10-08 14:49:00,30.8,52.2,540.6,-60,175.4,151140
2026-10-08 14:50:00,30.3,51.2,565.8,-57,184.1,151200
2026-10-08 14:51:00,29.7,52.1,576.6,-58,183.6,151260
2026-10-08 14:52:00,29.5,52.7,558.1,-56,182.3,151320
2026-10-08 14:53:00,29.5,53.5,524.4,-56,183.4,151380
2026-10-08 14:54:00,29.9,54.7,479.0,-55,184.0,151440
2026-10-08 14:55:00,30.4,53.9,433.4,-57,182.5,151500
2026-10-08 14:56:00,30.5,53.6,418.9,-57,182.8,151560
2026-10-08 14:57:00,30.4,52.6,431.6,-60,184.0,151620
2026-10-08 14:58:00,30.0,51.1,453.5,-60,184.1,151680
2026-10-08 14:59:00,29.6,51.6,496.9,-58,183.0,151740
2026-10-08 15:00:00,29.5,51.3,537.5,-60,182.7,151800
2026-10-08 15:01:00,29.9,49.9,559.5,-56,183.0,151860
2026-10-08 15:02:00,30.5,50.1,555.7,-56,181.7,151920
2026-10-08 15:03:00,30.9,50.6,530.8,-53,182.3,151980
2026-10-08 15:04:00,31.1,51.5,504.8,-54,182.2,152040
2026-10-08 15:05:00,31.1,50.6,477.9,-52,182.1,152100
2026-10-08 15:06:00,30.6,50.5,461.4,-54,181.2,152160
2026-10-08 15:07:00,30.5,50.1,475.9,-56,182.8,152220
2026-10-08 15:08:00,30.3,49.7,505.4,-57,180.2,152280
2026-10-08 15:09:00,30.4,49.3,544.6,-61,180.2,152340
2026-10-08 15:10:00,31.0,48.7,581.9,-60,181.6,152400
2026-10-08 15:11:00,31.2,50.0,606.9,-61,182.4,152460
2026-10-08 15:12:00,31.3,51.7,603.5,-58,181.5,152520
2026-10-08 15:13:00,31.2,52.0,579.7,-57,181.0,152580
2026-10-08 15:14:00,30.5,53.8,545.6,-57,182.2,152640
2026-10-08 15:15:00,30.2,52.6,509.5,-55,180.2,152700
2026-10-08 15:16:00,30.0,52.5,478.4,-56,181.2,152760
2026-10-08 15:17:00,30.3,50.3,472.7,-58,180.9,152820
2026-10-08 15:18:00,30.7,49.0,488.8,-59,180.4,152880
2026-10-08 15:19:00,30.9,49.6,514.8,-60,180.6,152940
2026-10-08 15:20:00,30.8,50.6,544.1,-62,181.4,153000
2026-10-08 15:21:00,30.4,52.2,558.3,-62,178.9,153060
2026-10-08 15:22:00,30.0,53.3,550.9,-64,180.5,153120
2026-10-08 15:23:00,29.8,53.0,522.2,-61,178.5,153180
2026-10-08 15:24:00,29.9,51.4,474.9,-60,179.4,153240
2026-10-08 15:25:00,30.3,48.4,430.1,-59,180.6,153300
2026-10-08 15:26:00,31.1,45.6,405.8,-59,179.0,153360
2026-10-08 15:27:00,31.1,46.6,397.0,-56,180.3,153420
2026-10-08 15:28:00,31.3,47.1,410.2,-58,180.3,153480
2026-10-08 15:29:00,30.9,49.9,433.0,-58,180.1,153540
2026-10-08 15:30:00,30.6,50.4,461.1,-62,178.8,153600
2026-10-08 15:31:00,30.2,52.0,483.5,-63,179.6,153660
2026-10-08 15:32:00,30.6,49.8,486.4,-61,177.9,153720
2026-10-08 15:33:00,31.1,48.2,467.0,-63,178.7,153780
2026-10-08 15:34:00,31.2,46.9,433.8,-61,176.7,153840
2026-10-08 15:35:00,31.4,46.0,401.9,-58,178.4,153900
2026-10-08 15:36:00,31.2,46.8,380.4,-56,176.6,153960
2026-10-08 15:37:00,30.8,49.7,377.5,-56,176.4,154020
2026-10-08 15:38:00,30.3,52.5,394.1,-54,176.6,154080
2026-10-08 15:39:00,30.1,54.6,426.8,-54,177.3,154140
2026-10-08 15:40:00,30.0,54.5,456.1,-57,178.7,154200
2026-10-08 15:41:00,30.3,52.8,477.7,-55,178.6,154260
2026-10-08 15:42:00,30.9,50.8,490.8,-57,178.2,154320
2026-10-08 15:43:00,30.8,49.9,482.0,-59,178.2,154380
2026-10-08 15:44:00,30.3,50.8,456.2,-58,175.7,154440
2026-10-08 15:45:00,29.7,52.6,424.6,-60,176.6,154500
2026-10-08 15:46:00,29.4,55.0,396.6,-59,175.6,154560
2026-10-08 15:47:00,29.4,56.1,383.3,-57,177.0,154620
2026-10-08 15:48:00,29.7,55.8,385.2,-56,177.7,154680
2026-10-08 15:49:00,30.2,54.6,406.6,-56,177.0,154740
2026-10-08 15:50:00,30.5,52.7,426.9,-54,185.1,154800
2026-10-08 15:51:00,30.7,50.3,446.9,-56,182.4,154860
2026-10-08 15:52:00,30.2,50.4,448.9,-56,183.4,154920
2026-10-08 15:53:00,29.8,50.7,430.9,-59,182.7,154980
2026-10-08 15:54:00,29.7,51.9,399.6,-61,184.3,155040
2026-10-08 15:55:00,29.7,53.2,358.6,-63,184.3,155100
2026-10-08 15:56:00,30.1,54.0,331.4,-62,182.0,155160
2026-10-08 15:57:00,30.7,52.3,311.6,-61,183.6,155220
2026-10-08 15:58:00,31.0,51.1,309.0,-61,182.0,155280
2026-10-08 15:59:00,30.9,50.0,320.9,-58,182.0,155340
2026-10-08 16:00:00,30.5,49.8,338.9,-56,183.4,155400
2026-10-08 16:01:00,30.2,49.7,356.4,-57,182.6,155460
2026-10-08 16:02:00,29.7,51.6,364.4,-56,182.5,155520
2026-10-08 16:03:00,29.8,52.3,358.7,-57,182.3,155580
2026-10-08 16:04:00,30.4,53.0,339.3,-59,182.1,155640
2026-10-08 16:05:00,30.7,53.0,312.6,-61,180.8,155700
2026-10-08 16:06:00,30.7,53.1,289.7,-60,182.5,155760
2026-10-08 16:07:00,30.4,53.9,276.2,-61,182.5,155820
2026-10-08 16:08:00,29.9,53.7,278.8,-59,182.4,155880
2026-10-08 16:09:00,29.6,53.8,301.4,-59,182.1,155940
2026-10-08 16:10:00,29.2,54.3,321.7,-56,180.8,156000
2026-10-08 16:11:00,29.4,54.5,352.2,-55,181.1,156060
2026-10-08 16:12:00,30.0,54.3,362.4,-54,181.3,156120
2026-10-08 16:13:00,30.4,54.6,360.8,-55,180.5,156180
2026-10-08 16:14:00,30.6,54.8,354.9,-54,181.5,156240
2026-10-08 16:15:00,30.3,55.7,330.9,-54,181.1,156300
2026-10-08 16:16:00,29.9,54.3,308.8,-57,181.4,156360
2026-10-08 16:17:00,29.6,53.7,301.2,-59,181.4,156420
2026-10-08 16:18:00,29.7,52.1,301.2,-57,180.6,156480
2026-10-08 16:19:00,30.2,50.6,309.2,-57,181.6,156540
2026-10-08 16:20:00,30.6,50.3,330.3,-57,180.9,156600
2026-10-08 16:21:00,31.2,49.3,348.3,-54,179.3,156660
2026-10-08 16:22:00,31.1,51.0,364.0,-54,181.2,156720
2026-10-08 16:23:00,31.0,51.6,356.5,-53,181.0,156780
2026-10-08 16:24:00,30.6,51.7,338.7,-53,179.0,156840
2026-10-08 16:25:00,30.1,51.9,319.5,-54,178.0,156900
2026-10-08 16:26:00,30.1,50.4,291.6,-56,178.7,156960
2026-10-08 16:27:00,30.5,48.0,268.5,-56,178.1,157020
2026-10-08 16:28:00,30.9,47.0,263.0,-58,178.2,157080
2026-10-08 16:29:00,31.0,47.9,265.5,-60,178.1,157140
2026-10-08 16:30:00,31.0,48.8,281.5,-61,177.2,157200
2026-10-08 16:31:00,30.4,51.8,293.5,-59,178.7,157260
2026-10-08 16:32:00,29.8,54.0,304.4,-58,179.0,157320
2026-10-08 16:33:00,29.5,54.1,301.1,-58,177.9,157380
2026-10-08 16:34:00,29.6,52.8,287.2,-57,177.8,157440
2026-10-08 16:35:00,29.9,51.2,269.6,-57,179.1,157500
2026-10-08 16:36:00,30.3,49.7,245.5,-57,177.5,157560
2026-10-08 16:37:00,30.6,49.0,225.8,-58,176.5,157620
2026-10-08 16:38:00,30.5,51.2,221.9,-61,178.2,157680
2026-10-08 16:39:00,30.0,53.2,227.9,-61,177.0,157740
2026-10-08 16:40:00,29.6,56.0,246.2,-62,178.8,157800
2026-10-08 16:41:00,29.5,55.9,261.4,-63,177.7,157860
2026-10-08 16:42:00,29.7,54.6,277.1,-61,176.3,157920
2026-10-08 16:43:00,30.2,52.3,284.5,-59,176.8,157980
2026-10-08 16:44:00,30.7,49.8,277.2,-58,178.3,158040
2026-10-08 16:45:00,30.7,48.8,259.7,-57,176.1,158100
2026-10-08 16:46:00,30.6,49.7,247.3,-56,177.4,158160
2026-10-08 16:47:00,30.2,51.2,230.3,-57,177.0,158220
2026-10-08 16:48:00,30.0,52.4,226.7,-56,177.8,158280
2026-10-08 16:49:00,29.8,54.1,231.6,-58,176.0,158340
2026-10-08 16:50:00,29.9,53.7,241.9,-60,185.4,158400
2026-10-08 16:51:00,30.3,51.0,259.3,-60,183.5,158460
2026-10-08 16:52:00,30.6,48.7,266.4,-61,184.2,158520
2026-10-08 16:53:00,30.6,48.0,268.9,-59,185.0,158580
2026-10-08 16:54:00,30.3,47.8,263.0,-60,184.7,158640
2026-10-08 16:55:00,29.8,49.7,247.0,-56,182.3,158700
2026-10-08 16:56:00,29.3,52.4,223.4,-55,184.3,158760
2026-10-08 16:57:00,29.1,54.3,206.0,-55,183.6,158820
2026-10-08 16:58:00,29.3,55.2,198.6,-55,183.1,158880
2026-10-08 16:59:00,29.6,54.1,195.6,-55,184.1,158940
2026-10-08 17:00:00,29.8,53.1,197.0,-55,181.5,159000
2026-10-08 17:01:00,30.0,51.2,205.8,-59,182.7,159060
2026-10-08 17:02:00,29.5,51.1,213.0,-60,183.5,159120
2026-10-08 17:03:00,29.1,52.2,214.9,-60,181.5,159180
2026-10-08 17:04:00,28.6,54.5,207.1,-61,183.5,159240
2026-10-08 17:05:00,28.8,56.6,188.2,-62,183.2,159300
2026-10-08 17:06:00,29.2,57.0,172.9,-58,182.2,159360
2026-10-08 17:07:00,29.6,56.6,154.8,-59,181.0,159420
2026-10-08 17:08:00,30.1,55.7,144.9,-57,180.8,159480
2026-10-08 17:09:00,30.1,53.9,139.6,-57,180.6,159540
2026-10-08 17:10:00,29.6,53.8,148.5,-57,181.5,159600
2026-10-08 17:11:00,29.3,53.6,156.3,-57,180.7,159660
2026-10-08 17:12:00,29.2,54.0,165.4,-60,182.1,159720
2026-10-08 17:13:00,29.5,54.1,167.4,-61,182.1,159780
2026-10-08 17:14:00,29.9,54.5,165.9,-63,180.8,159840
2026-10-08 17:15:00,30.5,53.9,154.9,-63,181.7,159900
2026-10-08 17:16:00,30.5,54.3,140.3,-63,180.7,159960
2026-10-08 17:17:00,30.5,53.2,128.7,-62,181.4,160020
2026-10-08 17:18:00,29.8,53.5,121.0,-60,179.0,160080
2026-10-08 17:19:00,29.3,52.7,120.0,-59,180.8,160140
2026-10-08 17:20:00,29.2,52.9,126.7,-58,179.7,160200
2026-10-08 17:21:00,29.3,52.1,135.4,-58,180.6,160260
2026-10-08 17:22:00,29.6,52.7,143.4,-57,178.3,160320
2026-10-08 17:23:00,30.2,52.4,143.8,-59,180.4,160380
2026-10-08 17:24:00,30.1,54.3,141.0,-60,178.5,160440
2026-10-08 17:25:00,29.7,54.8,134.3,-59,178.7,160500
2026-10-08 17:26:00,29.2,55.0,120.9,-61,179.6,160560
2026-10-08 17:27:00,29.0,53.6,108.9,-62,179.2,160620
2026-10-08 17:28:00,28.9,53.3,101.1,-60,180.3,160680
2026-10-08 17:29:00,29.2,52.0,97.8,-58,178.1,160740
2026-10-08 17:30:00,29.7,52.2,97.8,-56,177.4,160800
2026-10-08 17:31:00,29.9,52.2,103.5,-53,179.4,160860
2026-10-08 17:32:00,30.0,54.4,105.6,-52,177.4,160920
2026-10-08 17:33:00,29.9,55.0,106.7,-53,179.6,160980
2026-10-08 17:34:00,29.4,56.6,102.3,-54,176.9,161040
2026-10-08 17:35:00,29.1,56.3,94.6,-56,178.0,161100
2026-10-08 17:36:00,29.3,54.1,83.0,-58,179.2,161160
2026-10-08 17:37:00,29.6,53.3,73.9,-57,177.9,161220
2026-10-08 17:38:00,30.3,51.0,66.6,-60,178.7,161280
2026-10-08 17:39:00,30.7,50.2,63.0,-60,178.5,161340
2026-10-08 17:40:00,30.4,52.2,62.8,-59,176.6,161400
2026-10-08 17:41:00,30.3,54.8,64.5,-57,177.0,161460
2026-10-08 17:42:00,29.5,55.9,67.9,-53,175.7,161520
2026-10-08 17:43:00,29.3,56.3,68.1,-53,177.0,161580
2026-10-08 17:44:00,29.3,55.1,64.9,-55,176.4,161640
2026-10-08 17:45:00,29.7,52.3,60.9,-56,177.0,161700
2026-10-08 17:46:00,30.2,50.0,52.9,-58,175.3,161760
2026-10-08 17:47:00,30.1,49.1,46.9,-59,176.8,161820
2026-10-08 17:48:00,29.8,51.1,42.6,-60,176.9,161880
2026-10-08 17:49:00,29.4,53.3,39.9,-62,175.0,161940
2026-10-08 17:50:00,28.8,55.6,40.5,-61,183.6,162000
2026-10-08 17:51:00,28.6,56.5,40.1,-59,183.6,162060
2026-10-08 17:52:00,28.7,55.0,40.5,-60,183.5,162120
2026-10-08 17:53:00,29.1,53.0,38.2,-57,183.5,162180
2026-10-08 17:54:00,29.5,50.6,35.1,-56,184.6,162240
2026-10-08 17:55:00,29.4,49.5,29.9,-55,184.0,162300
2026-10-08 17:56:00,29.2,51.4,25.1,-57,184.2,162360
2026-10-08 17:57:00,28.8,52.4,20.2,-58,182.4,162420
2026-10-08 17:58:00,28.4,55.8,16.6,-58,182.8,162480
2026-10-08 17:59:00,28.3,57.1,14.0,-61,181.7,162540
2026-10-08 18:00:00,28.7,57.1,11.8,-61,183.0,162600
